{
  "users": [
    {
      "email": "olivier@mail.com",
      "password": "$2a$10$.oqYYH6DqJFGnJ.2UZLKNu8e6TJjhcvLu4dvJo5WiAVu2FSWtPkUu",
      "id": 1
    },
    {
      "email": "test@mail.com",
      "password": "$2a$10$8T8KCEfHpaSO1U54fluRUuUI.u2u8k2jc0MOPSJZ78uM2lTJz5Gz.",
      "id": 2
    },
    {
      "email": "admin@admin.com",
      "password": "$2a$10$RSLrCs.oCYxfC0YgFcq4pO1f1UYP0x3aaTOa9fuY5.v06eBd/VUza",
      "id": 3
    },
    {
      "email": "test.test@email.com",
      "password": "$2a$10$YnN.38CVNlTli/G4xzCyG.ImK7fD.q4Va5zCkNm4DHS9lSNae8q1m",
      "phone": "31 983273213",
      "firstname": "Teste",
      "lastname": "Teste",
      "age": "2022-10-13",
      "id": 4
    },
    {
      "email": "test2@test.com",
      "password": "$2a$10$tLc2Un2S7U0JkbWhrC1dhuENkdU1eYjLXuyUn8IAmB88uDXEN6spa",
      "firstname": "test2",
      "lastname": "test2",
      "phone": "314124412",
      "age": "0001-03-31",
      "id": 5
    },
    {
      "email": "test3@email.com",
      "password": "$2a$10$bw.3UrmmIZqXkDDGBsQa/ejNlZ6ksn0ndDyL2t7A/.ntoIHt4Nw5S",
      "firstname": "test3",
      "lastname": "test3",
      "phone": "3133113131",
      "age": "0001-03-31",
      "id": 6
    },
    {
      "email": "asasdasd@gmail.com",
      "password": "$2a$10$8VXl717Xfpdr6EpsIrs4LubWyGy7mpSD74DDGBIVLMr.8tcGlJJ7u",
      "firstname": "teste32",
      "lastname": "teste32",
      "phone": "313131",
      "age": "0001-03-31",
      "id": 7
    }
  ],
  "products": [
    {
      "id": 1,
      "name": "Razer BlackWidow V3 A Bathing Ape - Switch Verde",
      "cutprice": "1018,44",
      "price": 918.44,
      "installmentMultiplier": "3",
      "installmentValue": "306",
      "discount": "10",
      "imageUrl": "https://assets3.razerzone.com/Ieg_GHSv5HjDVCD2s-b6sNJAccE=/500x500/https%3A%2F%2Fhybrismediaprod.blob.core.windows.net%2Fsys-master-phoenix-images-container%2Fh6b%2Fh53%2F9420855967774%2Fbape-blackwidow-v3-500x500.png",
      "imageSize": "imgGrande",
      "qtn": "319"
    },
    {
      "id": 2,
      "name": "Headset Gamer Fallen Morcego, Surround Virtual 7.1, Cancelamento de Ruído, Drivers 53mm",
      "cutprice": "588,12",
      "price": 399.99,
      "installmentMultiplier": "10",
      "installmentValue": "47,05",
      "discount": "15",
      "imageUrl": "https://i.im.ge/2022/10/07/1vH8gq.fone.png",
      "imageSize": "imgMedia",
      "qtn": "91"
    },
    {
      "id": 3,
      "name": "Mouse Gamer Redragon Cobra, Chroma RGB, 12400DPI, 7 Botões, Preto",
      "cutprice": "176,35",
      "price": 109.89,
      "installmentMultiplier": "5",
      "installmentValue": "25,85",
      "discount": "15",
      "imageUrl": "https://i.im.ge/2022/10/07/1vHHVW.Mouse.png",
      "imageSize": "imgPequena",
      "qtn": "942"
    },
    {
      "id": 4,
      "name": "Controle Sem Fio Xbox Pulse Red",
      "cutprice": "684,11",
      "price": 449.9,
      "installmentMultiplier": "10",
      "installmentValue": "47,35",
      "discount": "5",
      "imageUrl": "https://i.im.ge/2022/10/07/1vHg0C.Controle.png",
      "imageSize": "imgMedia",
      "qtn": "412"
    },
    {
      "id": 5,
      "name": "Processador Intel Core i5-10400, Cache 12MB, 2.9GHz (4.3GHz Max Turbo), LGA 1200",
      "cutprice": "1.529,40",
      "price": 999,
      "installmentMultiplier": "10",
      "installmentValue": "117,64",
      "discount": "15",
      "imageUrl": "https://i.im.ge/2022/10/07/1vHJ5T.Processador.png",
      "imageSize": "imgPequena",
      "qtn": "2312"
    },
    {
      "id": 6,
      "name": "Notebook Asus AMD Ryzen 5-3500U, 8GB RAM, SSD 256GB, 15,6', Radeon Vega 8, Windows 11 Home, Cinza",
      "cutprice": "4.678,94",
      "price": 2729.99,
      "installmentMultiplier": "10",
      "installmentValue": "287,36",
      "discount": "5",
      "imageUrl": "https://i.im.ge/2022/10/07/1vHKE1.Lenovo.png",
      "imageSize": "imgMedia",
      "qtn": "591"
    },
    {
      "id": 7,
      "name": "Placa de Vídeo ZOTAC GAMING GeForce RTX 3060 Twin Edge - 15 Gbps, 12GB, GDDR6, Ray Tracing",
      "cutprice": "3.764,69",
      "price": 2799.99,
      "installmentMultiplier": "10",
      "installmentValue": "280,00",
      "discount": "12",
      "imageUrl": "https://i.im.ge/2022/10/07/1vHeEx.zotac3060.png",
      "imageSize": "imgMedia",
      "qtn": "832"
    },
    {
      "id": 8,
      "name": "Mouse Gamer Razer Viper Mini, Chroma, Optical Switch, 6 Botões, 8500DPI",
      "cutprice": "470,47",
      "price": 199.99,
      "installmentMultiplier": "9",
      "installmentValue": "26,14",
      "discount": "15",
      "imageUrl": "https://i.im.ge/2022/10/07/1vHvr0.Mouse2.png",
      "imageSize": "imgMedia",
      "qtn": "875"
    },
    {
      "id": 9,
      "name": "Microfone Gamer HyperX QuadCast S, Antivibração, LED RGB, USB, Compatível com PC, PS4 e Mac",
      "cutprice": "1.777,67",
      "price": 999.99,
      "installmentMultiplier": "10",
      "installmentValue": "111,10",
      "discount": "37",
      "imageUrl": "https://i.im.ge/2022/10/07/1vHVvf.Microfone.png",
      "imageSize": "imgPequena",
      "qtn": "588"
    },
    {
      "id": 10,
      "name": "Teclado Gamer Corsair K55 PRO XT RGB, Anti-Ghosting, US, Preto",
      "cutprice": "729,29",
      "price": 429.99,
      "installmentMultiplier": "10",
      "installmentValue": "50,58",
      "discount": "15",
      "imageUrl": "https://i.im.ge/2022/10/07/1vHBML.Teclado2.png",
      "imageSize": "imgPequena",
      "qtn": "966"
    }
  ],
  "cart": []
}